,item_category,item_condition,seller_rating,auction_duration,starting_price,number_of_bidders,buy_price,ship_price
0,Art,New,2.66,24,409.94,46,1352.8,27.056
1,Electronics,Refurbished,4.69,48,907.6,48,3085.84,61.716800000000006
2,Electronics,New,1.35,72,988.2,77,4792.77,95.85540000000002
3,Fashion,Refurbished,2.71,48,882.38,51,3132.45,62.649
4,Antiques,New,4.14,96,901.39,21,1847.85,36.957
5,Automotive,New,2.85,120,267.11,65,1135.22,22.7044
6,Antiques,Refurbished,3.35,120,876.34,72,4031.16,80.6232
7,Art,Used,2.1,120,695.62,90,3825.91,76.5182
8,Automotive,Refurbished,4.51,72,726.47,26,1670.88,33.4176
9,Fashion,Used,1.26,48,211.64,8,296.3,5.926
10,Antiques,New,1.29,24,410.55,0,410.55,8.211
11,Art,Refurbished,3.96,96,611.01,91,3391.11,67.82220000000001
12,Antiques,Used,4.36,72,291.83,90,1605.06,32.1012
13,Automotive,Used,1.72,24,253.67,65,1078.1,21.561999999999998
14,Automotive,Refurbished,3.3,48,487.65,18,926.53,18.5306
15,Antiques,Refurbished,4.13,72,448.02,14,761.63,15.2326
16,Antiques,Used,4.46,120,671.48,24,1477.26,29.5452
17,Electronics,New,2.08,72,548.74,95,3155.26,63.1052
18,Electronics,Refurbished,2.85,48,412.09,74,1936.82,38.736399999999996
19,Automotive,Used,1.04,96,143.15,25,322.09,6.4418
20,Antiques,Used,1.95,72,606.25,14,1030.62,20.612399999999997
21,Electronics,Refurbished,4.31,48,588.7,19,1147.97,22.959400000000002
22,Antiques,Refurbished,4.56,48,318.71,58,1242.97,24.8594
23,Fashion,Used,4.7,72,340.14,25,765.32,15.306400000000002
24,Automotive,Used,4.85,48,834.09,53,3044.43,60.8886
25,Fashion,New,4.49,48,908.54,63,3770.44,75.4088
26,Fashion,Used,1.75,96,940.79,33,2493.09,49.8618
27,Antiques,Used,2.14,72,406.36,16,731.45,14.629000000000001
28,Fashion,Refurbished,3.19,24,321.71,67,1399.44,27.9888
29,Automotive,Refurbished,4.41,96,583.46,63,2421.36,48.427200000000006
30,Automotive,New,2.28,96,181.37,99,1079.15,21.583000000000002
31,Fashion,Used,1.85,72,912.71,46,3011.94,60.238800000000005
32,Automotive,Refurbished,1.13,72,718.45,92,4023.32,80.46640000000001
33,Electronics,Used,4.39,48,700.58,39,2066.71,41.3342
34,Antiques,Refurbished,4.74,24,466.45,21,956.22,19.1244
35,Fashion,New,4.53,24,899.38,20,1798.76,35.9752
36,Electronics,New,3.36,48,601.23,71,2735.6,54.711999999999996
37,Automotive,New,4.1,24,695.72,4,834.86,16.697200000000002
38,Antiques,Refurbished,4.07,48,309.77,82,1579.83,31.5966
39,Fashion,Used,4.5,72,15.0,48,51.0,1.02
40,Electronics,Used,3.37,72,139.79,17,258.61,5.1722
41,Art,Refurbished,2.65,72,431.98,13,712.77,14.2554
42,Antiques,Used,4.94,24,341.65,77,1657.0,33.14
43,Fashion,Used,2.23,96,691.3,76,3318.24,66.3648
44,Antiques,Refurbished,4.82,96,206.81,23,444.64,8.8928
45,Antiques,New,3.73,72,998.67,45,3245.68,64.9136
46,Automotive,Used,4.77,72,139.97,90,769.84,15.3968
47,Automotive,Refurbished,4.76,48,881.91,56,3351.26,67.02520000000001
48,Antiques,New,2.32,72,421.14,70,1895.13,37.9026
49,Antiques,Used,1.62,96,946.73,8,1325.42,26.5084
50,Art,New,1.45,24,760.17,37,2166.48,43.3296
51,Antiques,New,4.36,48,816.68,34,2205.04,44.1008
52,Art,New,3.21,48,626.59,62,2569.02,51.3804
53,Electronics,Refurbished,2.36,48,303.73,44,971.94,19.4388
54,Fashion,New,2.46,48,160.52,61,650.11,13.0022
55,Antiques,Refurbished,1.56,96,28.53,11,44.22,0.8844
56,Antiques,Refurbished,2.97,72,343.75,53,1254.69,25.0938
57,Art,New,4.59,72,187.22,58,730.16,14.6032
58,Automotive,New,1.54,48,913.06,45,2967.44,59.348800000000004
59,Art,New,2.96,96,618.29,25,1391.15,27.823000000000004
60,Automotive,Used,4.84,120,690.71,92,3867.98,77.3596
61,Electronics,New,2.34,48,834.47,35,2294.79,45.8958
62,Antiques,Used,2.31,120,622.34,18,1182.45,23.649
63,Electronics,New,3.12,120,955.13,31,2435.58,48.7116
64,Antiques,Refurbished,4.78,72,239.53,13,395.22,7.904400000000001
65,Automotive,New,3.78,48,329.95,71,1501.27,30.0254
66,Automotive,Used,1.78,48,622.27,17,1151.2,23.024
67,Art,Refurbished,4.88,72,581.36,36,1627.81,32.5562
68,Antiques,New,1.92,120,849.73,64,3568.87,71.3774
69,Electronics,Refurbished,1.59,24,908.65,42,2816.82,56.336400000000005
70,Antiques,Refurbished,1.41,48,991.44,62,4064.9,81.298
71,Automotive,Refurbished,3.55,96,15.22,33,40.33,0.8066
72,Art,Refurbished,1.01,96,223.16,62,914.96,18.299200000000003
73,Antiques,New,2.11,24,468.64,62,1921.42,38.4284
74,Art,New,1.73,24,865.86,75,4112.84,82.2568
75,Art,New,2.55,24,298.58,41,910.67,18.2134
76,Automotive,Used,2.92,24,172.28,2,189.51,3.7902
77,Art,Used,2.78,72,754.58,38,2188.28,43.765600000000006
78,Antiques,Refurbished,2.69,72,568.71,37,1620.82,32.416399999999996
79,Art,New,3.29,120,227.95,68,1002.98,20.0596
80,Automotive,Refurbished,2.64,24,659.38,35,1813.3,36.266
81,Art,New,4.94,120,989.87,62,4058.47,81.1694
82,Automotive,Used,3.58,24,42.9,35,117.97,2.3594
83,Fashion,Refurbished,4.94,24,110.53,54,408.96,8.1792
84,Antiques,Used,2.8,72,504.63,63,2094.21,41.8842
85,Fashion,Refurbished,3.11,96,498.16,92,2789.7,55.794
86,Fashion,New,1.45,96,789.45,45,2565.71,51.3142
87,Electronics,Refurbished,2.13,24,552.7,4,663.24,13.264800000000001
88,Fashion,Used,4.87,48,28.93,14,49.18,0.9836
89,Art,New,1.24,72,996.79,90,5482.35,109.647
90,Antiques,Used,3.74,120,886.61,72,4078.41,81.5682
91,Antiques,New,2.82,48,900.78,50,3152.73,63.0546
92,Art,Refurbished,4.95,96,20.36,30,50.9,1.018
93,Antiques,Refurbished,1.74,72,404.71,16,728.48,14.569600000000001
94,Automotive,New,2.28,120,195.74,71,890.62,17.8124
95,Antiques,Refurbished,4.03,72,287.92,94,1641.14,32.8228
96,Automotive,Used,4.71,96,102.39,2,112.63,2.2526
97,Automotive,New,4.02,24,258.66,53,944.11,18.8822
98,Fashion,New,3.62,96,984.44,81,4971.42,99.42840000000001
99,Art,Used,2.5,96,197.12,55,739.2,14.784
100,Fashion,New,4.73,24,629.36,99,3744.69,74.8938
101,Electronics,Used,3.12,120,990.21,7,1336.78,26.7356
102,Art,Refurbished,2.7,96,231.84,1,243.43,4.8686
103,Automotive,Used,3.69,48,938.82,75,4459.4,89.18799999999999
104,Electronics,Used,2.25,120,268.4,35,738.1,14.762
105,Antiques,Refurbished,1.53,48,913.04,88,4930.42,98.6084
106,Art,New,3.26,96,138.36,29,338.98,6.7796
107,Automotive,Refurbished,3.42,24,285.36,30,713.4,14.268
108,Electronics,Used,2.95,96,546.39,37,1557.21,31.1442
109,Art,Used,4.82,48,859.79,99,5115.75,102.315
110,Automotive,Used,3.93,72,788.48,23,1695.23,33.9046
111,Antiques,New,2.01,96,482.35,78,2363.52,47.2704
112,Electronics,New,2.06,48,743.07,39,2192.06,43.8412
113,Electronics,Refurbished,3.94,48,853.01,12,1364.82,27.2964
114,Fashion,Refurbished,4.9,72,998.59,0,998.59,19.9718
115,Fashion,Refurbished,3.96,96,636.77,63,2642.6,52.852
116,Electronics,New,2.85,96,393.78,9,570.98,11.4196
117,Art,Used,4.81,24,914.64,10,1371.96,27.4392
118,Fashion,New,4.45,96,553.41,26,1272.84,25.456799999999998
119,Fashion,Refurbished,1.94,96,418.05,84,2173.86,43.4772
120,Fashion,Refurbished,2.66,96,661.02,47,2214.42,44.2884
121,Antiques,Refurbished,4.87,120,679.97,58,2651.88,53.037600000000005
122,Electronics,New,4.55,120,434.47,92,2433.03,48.6606
123,Electronics,New,2.4,72,484.38,81,2446.12,48.922399999999996
124,Antiques,New,2.55,120,442.13,9,641.09,12.821800000000001
125,Electronics,Refurbished,1.1,24,318.69,57,1226.96,24.5392
126,Antiques,New,3.26,48,695.72,39,2052.37,41.047399999999996
127,Electronics,New,4.45,72,612.85,50,2144.97,42.8994
128,Automotive,Refurbished,2.0,24,850.88,96,4935.1,98.70200000000001
129,Automotive,Refurbished,3.6,48,192.58,95,1107.34,22.1468
130,Antiques,Refurbished,3.33,120,601.68,7,812.27,16.2454
131,Electronics,New,1.51,48,179.64,64,754.49,15.0898
132,Art,New,4.3,96,270.54,79,1339.17,26.7834
133,Fashion,Refurbished,1.04,48,936.18,53,3417.06,68.3412
134,Fashion,New,1.36,48,935.41,99,5565.69,111.3138
135,Art,New,1.88,120,164.1,25,369.23,7.384600000000001
136,Antiques,Refurbished,1.75,72,182.24,78,892.98,17.8596
137,Antiques,Refurbished,1.48,96,556.83,25,1252.87,25.057399999999998
138,Fashion,Used,3.47,24,533.66,2,587.03,11.740599999999999
139,Electronics,Used,2.57,24,643.08,48,2186.47,43.7294
140,Electronics,Refurbished,1.32,48,216.3,16,389.34,7.7867999999999995
141,Art,Refurbished,2.49,24,989.34,38,2869.09,57.381800000000005
142,Electronics,Used,1.52,48,898.88,95,5168.56,103.37120000000002
143,Fashion,Used,4.75,48,713.05,78,3493.94,69.8788
144,Electronics,Refurbished,2.05,96,198.65,17,367.5,7.3500000000000005
145,Antiques,Refurbished,1.65,24,356.8,76,1712.64,34.2528
146,Automotive,New,3.76,48,711.4,50,2489.9,49.798
147,Art,New,2.49,48,649.71,65,2761.27,55.2254
148,Art,New,3.86,72,699.47,20,1398.94,27.978800000000003
149,Fashion,Used,2.61,96,12.27,40,36.81,0.7362000000000001
150,Antiques,Used,1.45,24,366.09,85,1921.97,38.4394
151,Antiques,Refurbished,3.5,72,401.0,29,982.45,19.649
152,Fashion,Used,2.19,48,365.97,48,1244.3,24.886
153,Art,Refurbished,2.98,48,413.21,9,599.15,11.983
154,Antiques,New,3.0,48,979.26,42,3035.71,60.714200000000005
155,Antiques,Used,1.92,96,91.02,62,373.18,7.4636000000000005
156,Art,Refurbished,2.16,120,845.03,46,2788.6,55.772
157,Fashion,New,1.98,72,427.78,17,791.39,15.8278
158,Fashion,Used,3.57,24,761.68,41,2323.12,46.462399999999995
159,Antiques,New,1.76,120,229.16,39,676.02,13.5204
160,Art,Refurbished,1.64,96,400.77,80,2003.85,40.077
161,Art,New,2.8,96,948.58,64,3984.04,79.6808
162,Fashion,Used,3.81,72,32.73,4,39.28,0.7856000000000001
163,Automotive,Refurbished,1.02,48,229.16,7,309.37,6.1874
164,Automotive,New,1.75,24,673.75,8,943.25,18.865000000000002
165,Electronics,Used,4.09,96,729.45,72,3355.47,67.1094
166,Art,New,1.46,96,133.25,58,519.67,10.3934
167,Fashion,Refurbished,3.96,120,287.39,70,1293.26,25.8652
168,Art,Used,3.67,96,553.62,35,1522.45,30.449
169,Antiques,New,3.24,120,350.0,22,735.0,14.700000000000001
170,Automotive,Used,2.52,72,436.7,81,2205.34,44.10680000000001
171,Antiques,Used,3.54,72,519.1,72,2387.86,47.757200000000005
172,Art,Used,3.6,96,116.71,2,128.38,2.5676
173,Art,New,2.75,48,686.61,96,3982.34,79.6468
174,Fashion,New,3.51,48,601.8,22,1263.78,25.2756
175,Automotive,New,4.87,24,982.78,92,5503.57,110.0714
176,Fashion,New,2.61,48,854.93,44,2735.78,54.7156
177,Electronics,Refurbished,2.58,24,269.67,77,1307.9,26.158
178,Automotive,Used,3.79,48,938.56,56,3566.53,71.3306
179,Antiques,Refurbished,2.71,96,394.9,89,2152.2,43.044
180,Art,Used,3.89,120,557.09,18,1058.47,21.1694
181,Automotive,Used,4.34,72,658.7,19,1284.47,25.689400000000003
182,Automotive,New,3.25,96,705.23,96,4090.33,81.8066
183,Art,New,1.37,96,187.59,50,656.57,13.131400000000001
184,Art,Used,1.4,120,401.7,69,1787.57,35.7514
185,Automotive,Used,4.67,24,455.35,93,2572.73,51.4546
186,Electronics,Refurbished,1.88,96,120.96,78,592.7,11.854000000000001
187,Antiques,Used,1.34,72,493.7,16,888.66,17.7732
188,Electronics,Used,4.89,24,498.35,27,1171.12,23.4224
189,Art,Used,2.18,72,960.05,22,2016.1,40.321999999999996
190,Antiques,New,2.79,48,291.93,94,1664.0,33.28
191,Fashion,Refurbished,3.44,96,250.3,24,550.66,11.0132
192,Antiques,Refurbished,2.99,120,42.99,82,219.25,4.385
193,Antiques,New,1.26,96,201.28,57,774.93,15.4986
194,Electronics,Used,1.35,48,42.51,89,231.68,4.6336
195,Art,New,1.59,72,553.86,31,1412.34,28.2468
196,Automotive,New,4.31,24,771.5,48,2623.1,52.461999999999996
197,Antiques,New,1.91,120,494.84,99,2944.3,58.886
198,Electronics,New,2.29,96,392.28,25,882.63,17.6526
199,Fashion,New,2.16,72,881.36,65,3745.78,74.91560000000001
200,Art,Used,4.09,96,862.13,36,2413.96,48.2792
201,Fashion,Refurbished,4.55,48,183.2,22,384.72,7.694400000000001
202,Antiques,Refurbished,3.39,96,364.89,62,1496.05,29.921
203,Fashion,Used,1.26,96,38.07,99,226.52,4.5304
204,Automotive,Refurbished,1.32,72,989.92,44,3167.74,63.3548
205,Art,Refurbished,3.18,48,872.05,37,2485.34,49.7068
206,Fashion,Refurbished,4.31,72,94.85,35,260.84,5.216799999999999
207,Automotive,Used,1.97,120,563.17,46,1858.46,37.169200000000004
208,Antiques,Used,3.76,120,655.22,79,3243.34,64.8668
209,Antiques,Used,1.75,24,406.41,5,508.01,10.1602
210,Fashion,Used,1.56,96,671.33,34,1812.59,36.251799999999996
211,Automotive,New,4.53,72,775.26,40,2325.78,46.515600000000006
212,Electronics,New,4.46,24,893.23,77,4332.17,86.6434
213,Automotive,Refurbished,1.5,48,834.48,81,4214.12,84.2824
214,Art,Used,1.63,48,258.47,42,801.26,16.0252
215,Electronics,Refurbished,4.9,24,636.49,92,3564.34,71.2868
216,Art,New,4.24,120,128.09,0,128.09,2.5618000000000003
217,Electronics,Used,2.54,120,128.71,38,373.26,7.4652
218,Antiques,New,4.06,72,173.24,22,363.8,7.276000000000001
219,Automotive,Used,2.73,72,637.19,77,3090.37,61.8074
220,Fashion,Used,1.72,96,130.51,87,698.23,13.9646
221,Antiques,New,1.35,24,333.08,45,1082.51,21.6502
222,Fashion,Refurbished,1.68,48,297.47,76,1427.86,28.557199999999998
223,Antiques,New,3.6,120,87.45,13,144.29,2.8857999999999997
224,Antiques,Used,2.56,48,724.23,3,832.86,16.6572
225,Fashion,Used,2.63,120,31.74,28,76.18,1.5236
226,Automotive,Refurbished,1.29,96,96.85,69,430.98,8.6196
227,Art,Used,3.48,120,613.89,8,859.45,17.189
228,Electronics,Used,1.34,72,287.86,60,1151.44,23.0288
229,Automotive,Used,2.93,72,883.07,71,4017.97,80.3594
230,Fashion,New,1.32,72,26.65,75,126.59,2.5318
231,Fashion,Used,1.53,120,399.62,81,2018.08,40.3616
232,Electronics,Refurbished,2.17,96,347.19,91,1926.9,38.538000000000004
233,Automotive,New,4.44,120,281.58,15,492.76,9.8552
234,Fashion,New,1.12,24,49.48,1,51.95,1.0390000000000001
235,Antiques,Refurbished,4.81,72,420.88,86,2230.66,44.6132
236,Fashion,New,3.98,96,445.59,16,802.06,16.0412
237,Antiques,Used,3.81,48,149.52,1,157.0,3.14
238,Antiques,New,3.57,24,134.44,48,457.1,9.142000000000001
239,Electronics,Used,1.24,96,616.68,33,1634.2,32.684000000000005
240,Antiques,Used,2.69,96,731.42,70,3291.39,65.8278
241,Antiques,New,1.22,96,51.53,83,265.38,5.3076
242,Fashion,New,2.83,96,663.04,74,3116.29,62.3258
243,Antiques,New,3.2,96,163.69,38,474.7,9.494
244,Antiques,Used,2.0,120,907.49,15,1588.11,31.7622
245,Fashion,Refurbished,1.78,96,732.15,6,951.79,19.0358
246,Antiques,New,3.55,120,201.74,83,1038.96,20.7792
247,Art,Used,3.68,24,881.13,51,3128.01,62.56020000000001
248,Antiques,Used,3.84,120,495.09,13,816.9,16.338
249,Art,New,3.24,24,727.74,21,1491.87,29.8374
250,Art,Refurbished,1.47,24,377.45,36,1056.86,21.1372
251,Fashion,New,4.1,72,820.97,19,1600.89,32.0178
252,Antiques,New,2.45,96,321.68,9,466.44,9.3288
253,Automotive,Used,2.01,72,630.41,28,1512.98,30.259600000000002
254,Automotive,New,1.16,120,637.53,26,1466.32,29.3264
255,Antiques,Refurbished,3.36,120,903.45,28,2168.28,43.36560000000001
256,Fashion,New,1.27,96,229.15,90,1260.33,25.206599999999998
257,Electronics,Used,3.12,24,975.79,38,2829.79,56.5958
258,Antiques,New,3.01,24,399.25,30,998.13,19.962600000000002
259,Antiques,Refurbished,4.57,72,855.14,13,1410.98,28.2196
260,Automotive,Refurbished,4.5,48,92.41,50,323.43,6.4686
261,Electronics,Used,3.07,48,307.7,62,1261.57,25.2314
262,Electronics,Used,4.05,24,258.66,86,1370.9,27.418000000000003
263,Fashion,Used,4.8,72,143.58,15,251.27,5.0254
264,Fashion,Refurbished,2.13,96,88.15,31,224.78,4.4956000000000005
265,Automotive,Used,4.31,48,599.34,32,1558.28,31.1656
266,Electronics,Used,3.92,72,858.19,61,3475.67,69.5134
267,Automotive,Refurbished,4.23,24,870.96,33,2308.04,46.1608
268,Fashion,Refurbished,3.0,96,435.17,28,1044.41,20.8882
269,Antiques,Used,2.16,24,859.85,23,1848.68,36.973600000000005
270,Automotive,New,4.98,120,730.2,32,1898.52,37.9704
271,Automotive,Refurbished,1.8,72,975.23,9,1414.08,28.281599999999997
272,Automotive,New,1.87,48,383.81,28,921.14,18.4228
273,Fashion,Used,3.64,48,247.52,31,631.18,12.6236
274,Electronics,New,1.43,96,379.86,54,1405.48,28.1096
275,Fashion,Refurbished,4.35,96,189.13,28,453.91,9.0782
276,Antiques,New,1.1,24,641.55,8,898.17,17.9634
277,Automotive,New,4.2,120,992.49,97,5806.07,116.1214
278,Art,New,1.98,48,217.62,34,587.57,11.751400000000002
279,Art,New,4.93,96,608.51,40,1825.53,36.510600000000004
280,Antiques,Refurbished,3.53,96,208.57,89,1136.71,22.7342
281,Electronics,Refurbished,2.07,96,279.48,98,1648.93,32.9786
282,Electronics,Used,1.8,72,469.94,34,1268.84,25.3768
283,Art,Used,2.72,48,203.53,45,661.47,13.2294
284,Fashion,Used,1.59,120,328.59,53,1199.35,23.987
285,Automotive,New,1.45,24,978.3,23,2103.35,42.067
286,Automotive,New,3.5,72,711.93,65,3025.7,60.513999999999996
287,Automotive,Used,1.0,72,607.5,55,2278.12,45.5624
288,Electronics,Refurbished,3.91,96,415.53,49,1433.58,28.671599999999998
289,Fashion,Refurbished,4.66,72,883.61,75,4197.15,83.943
290,Art,Refurbished,4.92,96,481.47,38,1396.26,27.9252
291,Electronics,New,3.84,120,878.41,22,1844.66,36.8932
292,Automotive,Refurbished,1.63,96,146.14,50,511.49,10.229800000000001
293,Art,Refurbished,1.34,96,150.52,14,255.88,5.1176
294,Automotive,Used,1.23,72,465.62,49,1606.39,32.1278
295,Automotive,Refurbished,1.01,120,734.68,46,2424.44,48.488800000000005
296,Fashion,Refurbished,2.23,120,656.09,22,1377.79,27.5558
297,Automotive,Used,3.85,72,202.87,7,273.87,5.4774
298,Fashion,Refurbished,3.47,48,186.14,15,325.75,6.515000000000001
299,Art,Refurbished,1.24,120,190.8,19,372.06,7.4412
300,Automotive,Used,2.51,96,826.12,10,1239.18,24.783600000000003
301,Automotive,Refurbished,1.66,72,147.5,98,870.25,17.405
302,Electronics,Refurbished,1.03,120,668.67,72,3075.88,61.5176
303,Art,New,4.88,96,237.9,56,904.02,18.0804
304,Antiques,Used,4.19,24,801.5,64,3366.3,67.32600000000001
305,Electronics,Refurbished,3.04,24,949.33,60,3797.32,75.94640000000001
306,Automotive,Refurbished,2.39,48,825.73,60,3302.92,66.0584
307,Art,Refurbished,3.31,72,138.94,56,527.97,10.5594
308,Antiques,Used,4.16,24,908.03,16,1634.45,32.689
309,Automotive,Refurbished,1.95,24,740.27,48,2516.92,50.3384
310,Electronics,Refurbished,2.24,24,865.86,74,4069.54,81.3908
311,Electronics,Used,1.55,48,775.45,31,1977.4,39.548
312,Automotive,Used,1.62,72,852.78,36,2387.78,47.75560000000001
313,Fashion,Used,4.72,24,201.09,62,824.47,16.4894
314,Electronics,Used,1.41,96,366.53,59,1447.79,28.9558
315,Electronics,Used,2.25,96,275.05,24,605.11,12.1022
316,Antiques,New,4.99,24,591.58,22,1242.32,24.8464
317,Antiques,Refurbished,2.83,96,247.34,85,1298.54,25.9708
318,Antiques,Refurbished,2.06,48,36.1,90,198.55,3.9710000000000005
319,Automotive,New,3.6,120,852.66,52,3069.58,61.3916
320,Automotive,New,2.61,120,225.71,60,902.84,18.056800000000003
321,Art,Used,4.94,72,948.33,26,2181.16,43.6232
322,Electronics,Used,3.59,96,989.09,34,2670.54,53.4108
323,Automotive,New,3.54,96,549.87,31,1402.17,28.043400000000002
324,Art,Refurbished,4.91,96,586.43,3,674.39,13.4878
325,Automotive,Used,1.99,96,483.2,37,1377.12,27.542399999999997
326,Art,New,4.4,96,924.41,95,5315.36,106.3072
327,Fashion,Used,3.62,120,990.95,22,2080.99,41.6198
328,Automotive,Refurbished,3.89,72,691.48,3,795.2,15.904000000000002
329,Art,Refurbished,1.56,48,802.12,77,3890.28,77.80560000000001
330,Fashion,Used,1.96,24,563.35,67,2450.57,49.0114
331,Fashion,Refurbished,3.06,120,246.13,43,775.31,15.5062
332,Antiques,New,3.16,96,755.05,11,1170.33,23.406599999999997
333,Art,Used,1.51,120,920.27,16,1656.49,33.1298
334,Antiques,Refurbished,2.71,72,556.89,5,696.11,13.9222
335,Art,Used,3.02,72,482.79,76,2317.39,46.3478
336,Art,Used,2.91,24,939.61,29,2302.04,46.0408
337,Electronics,Refurbished,1.74,96,498.68,68,2194.19,43.8838
338,Electronics,Refurbished,1.49,120,827.35,99,4922.73,98.4546
339,Automotive,Refurbished,4.18,24,426.85,83,2198.28,43.9656
340,Art,New,3.9,48,686.03,27,1612.17,32.2434
341,Electronics,Refurbished,4.23,72,318.2,43,1002.33,20.0466
342,Fashion,Refurbished,3.9,120,411.43,7,555.43,11.1086
343,Antiques,Refurbished,4.3,24,888.71,22,1866.29,37.3258
344,Electronics,New,2.41,72,356.98,36,999.54,19.9908
345,Art,Used,3.0,72,809.73,59,3198.43,63.968599999999995
346,Art,Refurbished,4.99,24,794.49,67,3456.03,69.12060000000001
347,Automotive,Used,3.76,48,35.36,72,162.66,3.2532
348,Electronics,Used,4.92,96,799.93,58,3119.73,62.394600000000004
349,Antiques,Refurbished,2.77,72,332.7,22,698.67,13.9734
350,Art,Used,3.27,120,428.67,13,707.31,14.146199999999999
351,Electronics,New,4.55,120,866.39,47,2902.41,58.0482
352,Fashion,Used,4.19,48,169.33,71,770.45,15.409
353,Art,Used,4.75,96,939.41,57,3616.73,72.33460000000001
354,Antiques,Refurbished,1.27,96,465.84,24,1024.85,20.497
355,Electronics,Used,2.11,72,165.23,82,842.67,16.8534
356,Electronics,Used,4.56,120,713.37,38,2068.77,41.3754
357,Electronics,Refurbished,4.01,24,984.5,9,1427.53,28.5506
358,Electronics,New,3.72,24,967.45,45,3144.21,62.8842
359,Automotive,Refurbished,4.01,48,590.49,62,2421.01,48.42020000000001
360,Antiques,Used,2.6,72,819.42,48,2786.03,55.720600000000005
361,Antiques,Refurbished,4.91,96,388.87,61,1574.92,31.498400000000004
362,Automotive,Refurbished,3.06,96,458.2,72,2107.72,42.154399999999995
363,Antiques,Used,1.58,48,576.88,27,1355.67,27.113400000000002
364,Antiques,New,4.5,24,704.36,66,3028.75,60.575
365,Fashion,Refurbished,2.6,120,977.92,82,4987.39,99.74780000000001
366,Fashion,New,1.85,96,979.62,36,2742.94,54.8588
367,Fashion,New,3.89,24,972.41,89,5299.63,105.99260000000001
368,Antiques,Used,3.74,120,806.93,26,1855.94,37.1188
369,Automotive,Used,3.41,72,26.52,65,112.71,2.2542
370,Automotive,New,4.46,48,226.55,35,623.01,12.4602
371,Electronics,Used,1.57,48,958.47,82,4888.2,97.764
372,Automotive,Refurbished,1.8,96,121.47,95,698.45,13.969000000000001
373,Fashion,New,1.48,120,567.29,72,2609.53,52.1906
374,Antiques,New,4.66,48,207.89,68,914.72,18.2944
375,Fashion,New,4.49,120,114.88,94,654.82,13.096400000000001
376,Automotive,New,1.74,120,444.99,57,1713.21,34.2642
377,Art,New,3.86,72,998.65,3,1148.45,22.969
378,Electronics,Refurbished,4.0,96,67.73,95,389.45,7.789
379,Fashion,New,1.04,72,878.37,55,3293.89,65.8778
380,Fashion,Refurbished,3.87,96,89.98,5,112.48,2.2496
381,Fashion,Used,3.88,96,719.75,17,1331.54,26.6308
382,Electronics,New,3.44,48,426.47,91,2366.91,47.3382
383,Electronics,New,4.78,96,76.14,6,98.98,1.9796
384,Art,New,4.34,48,740.62,35,2036.7,40.734
385,Antiques,Refurbished,4.32,72,499.69,7,674.58,13.491600000000002
386,Automotive,New,3.52,24,753.09,2,828.4,16.568
387,Electronics,New,4.7,72,506.23,89,2758.95,55.178999999999995
388,Automotive,Used,4.49,48,518.73,62,2126.79,42.5358
389,Art,New,2.94,72,163.97,34,442.72,8.8544
390,Art,New,3.75,48,841.49,46,2776.92,55.5384
391,Fashion,Refurbished,3.23,24,998.44,96,5790.95,115.819
392,Art,Refurbished,4.24,96,840.91,62,3447.73,68.9546
393,Fashion,New,1.36,72,450.15,58,1755.59,35.1118
394,Art,Used,4.86,120,314.67,82,1604.82,32.0964
395,Automotive,Used,2.93,24,108.79,64,456.92,9.1384
396,Art,Used,4.02,120,94.67,58,369.21,7.3842
397,Antiques,Used,3.77,48,336.33,39,992.17,19.8434
398,Fashion,New,1.21,120,361.45,75,1716.89,34.3378
399,Fashion,New,3.7,120,777.41,24,1710.3,34.206
400,Automotive,New,1.9,72,590.08,22,1239.17,24.7834
401,Electronics,Used,4.86,96,99.94,91,554.67,11.093399999999999
402,Antiques,Refurbished,2.28,48,127.56,78,625.04,12.5008
403,Art,Refurbished,2.77,120,904.36,6,1175.67,23.5134
404,Automotive,Refurbished,1.44,24,792.27,14,1346.86,26.937199999999997
405,Art,Used,1.61,72,340.57,7,459.77,9.1954
406,Antiques,Refurbished,4.55,72,663.36,49,2288.59,45.771800000000006
407,Fashion,Used,1.14,24,976.73,70,4395.28,87.90559999999999
408,Electronics,New,4.6,24,832.35,10,1248.53,24.9706
409,Art,New,1.13,72,882.85,24,1942.27,38.8454
410,Automotive,Used,3.32,120,804.13,99,4784.57,95.6914
411,Antiques,New,2.09,24,328.44,20,656.88,13.1376
412,Automotive,New,3.69,96,959.51,34,2590.68,51.8136
413,Automotive,Used,4.16,96,24.4,18,46.36,0.9272
414,Electronics,Refurbished,3.32,24,872.06,38,2528.97,50.5794
415,Antiques,Used,4.85,24,490.98,81,2479.45,49.589
416,Art,New,3.11,120,709.03,19,1382.61,27.652199999999997
417,Electronics,Refurbished,4.67,48,747.11,27,1755.71,35.114200000000004
418,Electronics,Refurbished,4.28,48,341.05,98,2012.2,40.244
419,Electronics,Used,2.08,96,287.61,10,431.42,8.628400000000001
420,Art,Refurbished,2.38,120,730.46,85,3834.92,76.6984
421,Automotive,Used,2.1,24,324.06,63,1344.85,26.897
422,Automotive,Refurbished,4.03,96,271.8,4,326.16,6.523200000000001
423,Automotive,New,2.66,96,812.44,14,1381.15,27.623
424,Electronics,Refurbished,3.16,72,160.65,44,514.08,10.281600000000001
425,Fashion,Refurbished,4.74,120,411.03,6,534.34,10.686800000000002
426,Automotive,Used,1.16,96,637.45,63,2645.42,52.9084
427,Art,Used,2.42,72,82.22,90,452.21,9.0442
428,Fashion,Refurbished,2.11,24,55.12,67,239.77,4.7954
429,Fashion,Refurbished,1.46,72,124.23,85,652.21,13.044200000000002
430,Art,New,4.81,96,898.79,22,1887.46,37.7492
431,Art,Refurbished,3.86,120,739.89,21,1516.77,30.3354
432,Electronics,New,1.9,24,777.52,73,3615.47,72.3094
433,Automotive,Refurbished,3.67,48,854.72,22,1794.91,35.8982
434,Art,Used,2.78,96,796.78,84,4143.26,82.8652
435,Art,Used,2.74,24,993.56,70,4471.02,89.42040000000001
436,Electronics,Used,1.13,48,918.13,48,3121.64,62.4328
437,Fashion,Refurbished,2.04,72,438.41,32,1139.87,22.7974
438,Electronics,Refurbished,3.16,48,767.74,45,2495.15,49.903000000000006
439,Fashion,Used,2.24,24,974.86,85,5118.01,102.3602
440,Electronics,Refurbished,4.08,120,209.33,31,533.79,10.675799999999999
441,Electronics,Used,3.48,48,358.47,96,2079.13,41.582600000000006
442,Automotive,Refurbished,4.9,120,442.47,33,1172.55,23.451
443,Fashion,New,4.74,72,171.83,5,214.79,4.2958
444,Antiques,New,3.09,72,699.29,70,3146.8,62.93600000000001
445,Art,Used,3.38,48,545.16,45,1771.77,35.4354
446,Art,New,2.74,96,302.38,15,529.16,10.5832
447,Electronics,New,1.96,24,50.79,51,180.3,3.6060000000000003
448,Automotive,Used,2.35,96,542.8,94,3093.96,61.879200000000004
449,Art,Used,1.38,120,218.77,68,962.59,19.2518
450,Antiques,New,1.43,24,164.49,23,353.65,7.0729999999999995
451,Automotive,Refurbished,4.62,48,897.77,34,2423.98,48.479600000000005
452,Automotive,Used,4.24,120,373.48,82,1904.75,38.095
453,Fashion,Refurbished,2.57,24,938.74,19,1830.54,36.6108
454,Antiques,Refurbished,4.22,120,781.59,96,4533.22,90.6644
455,Fashion,Used,1.59,96,191.23,67,831.85,16.637
456,Electronics,New,3.54,72,55.04,59,217.41,4.3482
457,Automotive,New,4.44,72,770.47,32,2003.22,40.0644
458,Automotive,Refurbished,1.07,72,180.85,15,316.49,6.3298000000000005
459,Antiques,New,2.98,96,93.99,35,258.47,5.1694
460,Fashion,New,1.01,72,390.86,64,1641.61,32.8322
461,Automotive,Refurbished,3.16,72,867.0,87,4638.45,92.76899999999999
462,Automotive,Refurbished,4.5,120,970.84,82,4951.28,99.0256
463,Art,Used,1.62,96,799.95,32,2079.87,41.5974
464,Fashion,New,2.12,120,964.45,62,3954.24,79.0848
465,Electronics,Refurbished,2.41,120,479.26,32,1246.08,24.921599999999998
466,Automotive,New,1.55,96,514.73,77,2496.44,49.9288
467,Antiques,New,4.72,24,194.9,29,477.5,9.55
468,Fashion,Refurbished,4.68,48,18.3,53,66.8,1.336
469,Automotive,New,2.13,48,717.81,28,1722.74,34.4548
470,Art,Used,1.65,24,93.01,50,325.54,6.510800000000001
471,Art,Used,1.15,120,277.77,87,1486.07,29.7214
472,Art,New,3.14,96,524.68,42,1626.51,32.5302
473,Art,New,3.5,48,600.72,75,2853.42,57.068400000000004
474,Art,New,2.28,96,404.81,99,2408.62,48.172399999999996
475,Art,Refurbished,3.63,96,296.04,85,1554.21,31.084200000000003
476,Art,New,2.93,120,910.52,45,2959.19,59.183800000000005
477,Antiques,Used,4.38,120,957.79,78,4693.17,93.8634
478,Automotive,Refurbished,2.67,96,507.33,97,2967.88,59.357600000000005
479,Fashion,Refurbished,2.97,24,617.82,67,2687.52,53.7504
480,Electronics,Used,3.06,24,617.58,27,1451.31,29.0262
481,Antiques,Refurbished,4.39,72,447.16,31,1140.26,22.8052
482,Fashion,Refurbished,1.4,72,838.19,93,4735.77,94.71540000000002
483,Art,Refurbished,1.86,72,659.16,84,3427.63,68.5526
484,Fashion,Refurbished,2.65,24,553.42,89,3016.14,60.3228
485,Electronics,New,2.85,96,979.37,61,3966.45,79.329
486,Electronics,New,2.43,72,132.03,6,171.64,3.4328
487,Electronics,New,1.98,72,828.51,2,911.36,18.2272
488,Art,Used,2.04,96,495.32,33,1312.6,26.252
489,Automotive,Refurbished,1.06,96,504.74,4,605.69,12.113800000000001
490,Antiques,Used,2.92,120,293.94,53,1072.88,21.457600000000003
491,Fashion,Used,1.62,72,482.89,4,579.47,11.589400000000001
492,Automotive,Refurbished,2.4,96,79.55,74,373.88,7.4776
493,Antiques,Refurbished,1.57,120,69.98,6,90.97,1.8194
494,Electronics,Used,3.04,120,427.91,7,577.68,11.5536
495,Fashion,Used,4.25,72,700.99,36,1962.77,39.2554
496,Fashion,New,3.3,72,193.68,41,590.72,11.814400000000001
497,Art,Refurbished,3.45,96,369.88,0,369.88,7.3976
498,Electronics,Used,3.02,24,291.02,29,713.0,14.26
499,Fashion,Used,4.14,96,22.48,68,98.91,1.9782
500,Art,New,1.95,120,322.77,49,1113.56,22.2712
501,Art,Used,3.02,120,294.95,56,1120.81,22.4162
502,Art,New,4.52,48,836.56,45,2718.82,54.376400000000004
503,Automotive,New,4.52,96,879.12,93,4967.03,99.3406
504,Art,New,2.39,24,622.62,4,747.14,14.9428
505,Art,Used,3.86,72,156.17,18,296.72,5.934400000000001
506,Electronics,New,1.03,24,962.66,7,1299.59,25.991799999999998
507,Antiques,Refurbished,2.74,96,589.45,97,3448.28,68.96560000000001
508,Automotive,Refurbished,2.28,72,857.48,47,2872.56,57.4512
509,Electronics,Used,2.06,48,160.52,21,329.07,6.5814
510,Electronics,Refurbished,2.92,72,674.18,91,3741.7,74.834
511,Electronics,Used,3.11,48,195.92,43,617.15,12.343
512,Art,Used,1.03,24,534.9,74,2514.03,50.28060000000001
513,Antiques,Used,3.77,72,817.34,65,3473.7,69.474
514,Fashion,Refurbished,2.52,24,59.66,11,92.47,1.8494
515,Electronics,Refurbished,2.09,72,68.25,75,324.19,6.4838000000000005
516,Automotive,Refurbished,4.93,120,773.21,66,3324.8,66.49600000000001
517,Antiques,New,4.41,72,834.76,76,4006.85,80.137
518,Antiques,Used,3.72,120,417.37,66,1794.69,35.8938
519,Automotive,Refurbished,3.71,48,805.01,53,2938.29,58.7658
520,Electronics,New,1.97,24,334.24,65,1420.52,28.4104
521,Electronics,Refurbished,1.83,72,96.03,28,230.47,4.6094
522,Antiques,New,3.77,72,910.78,50,3187.73,63.7546
523,Fashion,Refurbished,4.43,72,113.43,100,680.58,13.611600000000001
524,Electronics,New,1.46,48,195.74,59,773.17,15.4634
525,Automotive,Used,2.78,120,14.12,6,18.36,0.36719999999999997
526,Antiques,Refurbished,2.35,48,660.63,19,1288.23,25.7646
527,Art,Refurbished,4.12,96,774.92,75,3680.87,73.6174
528,Antiques,Used,2.35,48,256.38,31,653.77,13.0754
529,Fashion,New,3.77,48,239.23,53,873.19,17.463800000000003
530,Fashion,New,2.38,24,721.98,33,1913.25,38.265
531,Electronics,New,1.42,48,852.22,17,1576.61,31.5322
532,Art,Used,1.11,120,688.73,46,2272.81,45.4562
533,Automotive,Refurbished,4.57,24,427.63,30,1069.08,21.3816
534,Art,Used,2.09,96,761.84,78,3733.02,74.6604
535,Automotive,New,4.23,48,923.1,26,2123.13,42.4626
536,Art,Refurbished,1.58,72,807.48,9,1170.85,23.416999999999998
537,Automotive,Used,3.68,120,561.98,68,2472.71,49.4542
538,Automotive,New,1.78,120,980.04,62,4018.16,80.36319999999999
539,Antiques,Used,2.25,96,398.37,97,2330.46,46.6092
540,Electronics,New,2.31,96,572.6,5,715.75,14.315
541,Automotive,Refurbished,2.32,24,284.38,8,398.13,7.9626
542,Antiques,New,4.95,96,839.09,74,3943.72,78.8744
543,Antiques,New,2.63,96,238.0,57,916.3,18.326
544,Art,New,4.62,24,881.78,43,2777.61,55.552200000000006
545,Automotive,Refurbished,4.07,96,806.69,62,3307.43,66.1486
546,Automotive,Refurbished,1.05,96,916.46,51,3253.43,65.0686
547,Art,New,1.7,24,360.08,29,882.2,17.644000000000002
548,Art,New,3.45,24,50.84,54,188.11,3.7622000000000004
549,Art,Refurbished,2.82,96,336.18,37,958.11,19.162200000000002
550,Art,Refurbished,4.7,24,36.62,61,148.31,2.9662
551,Antiques,New,2.97,48,648.12,98,3823.91,76.4782
552,Fashion,Used,3.34,48,913.29,60,3653.16,73.0632
553,Electronics,New,1.15,24,804.47,75,3821.23,76.4246
554,Automotive,Used,3.78,48,950.98,20,1901.96,38.0392
555,Fashion,Used,2.71,120,966.67,88,5220.02,104.4004
556,Automotive,Refurbished,2.08,48,89.43,60,357.72,7.154400000000001
557,Art,New,2.31,120,693.27,60,2773.08,55.4616
558,Automotive,New,2.57,120,407.5,44,1304.0,26.080000000000002
559,Art,New,4.96,24,880.87,60,3523.48,70.4696
560,Automotive,Refurbished,1.9,120,80.86,1,84.9,1.6980000000000002
561,Electronics,Used,3.51,48,319.97,21,655.94,13.118800000000002
562,Fashion,Used,3.14,24,204.46,25,460.04,9.200800000000001
563,Automotive,Refurbished,2.28,48,888.67,75,4221.18,84.42360000000001
564,Fashion,New,1.06,96,324.28,97,1897.04,37.9408
565,Electronics,Used,1.24,24,731.91,12,1171.06,23.4212
566,Electronics,Refurbished,2.01,96,618.59,74,2907.37,58.1474
567,Electronics,Refurbished,1.39,48,46.75,70,210.38,4.2076
568,Automotive,Used,3.42,48,350.1,10,525.15,10.503
569,Electronics,New,4.47,48,202.53,52,729.11,14.5822
570,Art,New,2.2,48,329.79,90,1813.85,36.277
571,Antiques,New,3.73,48,24.91,64,104.62,2.0924
572,Automotive,Refurbished,2.43,120,724.79,98,4276.26,85.52520000000001
573,Electronics,Refurbished,1.97,120,217.2,31,553.86,11.077200000000001
574,Antiques,Used,4.76,72,215.61,22,452.78,9.0556
575,Fashion,Refurbished,1.18,48,599.48,63,2487.84,49.756800000000005
576,Electronics,New,1.3,96,268.89,40,806.67,16.133399999999998
577,Art,New,4.92,24,220.09,58,858.35,17.167
578,Fashion,Refurbished,2.0,48,85.63,38,248.33,4.966600000000001
579,Automotive,New,2.41,48,958.1,92,5365.36,107.3072
580,Automotive,Used,2.08,48,929.41,70,4182.35,83.647
581,Antiques,New,1.39,120,954.64,18,1813.82,36.2764
582,Electronics,Used,1.26,48,232.9,88,1257.66,25.153200000000002
583,Art,Refurbished,1.75,72,137.77,23,296.21,5.9242
584,Fashion,Refurbished,1.81,48,162.36,74,763.09,15.261800000000001
585,Electronics,Refurbished,2.75,24,285.32,42,884.49,17.6898
586,Antiques,New,3.75,48,177.85,90,978.18,19.5636
587,Fashion,Used,1.55,48,695.45,86,3685.89,73.7178
588,Automotive,Used,1.69,72,424.96,82,2167.3,43.346000000000004
589,Electronics,Refurbished,3.81,24,791.06,24,1740.33,34.806599999999996
590,Automotive,Refurbished,2.3,72,865.45,58,3375.26,67.5052
591,Antiques,Refurbished,3.09,72,295.95,33,784.27,15.6854
592,Antiques,New,3.38,120,827.93,9,1200.5,24.01
593,Fashion,New,1.59,72,75.87,50,265.55,5.311
594,Art,Used,3.01,24,961.2,93,5430.78,108.6156
595,Fashion,Refurbished,4.02,72,839.07,0,839.07,16.7814
596,Automotive,Refurbished,4.73,96,949.5,98,5602.05,112.04100000000001
597,Antiques,Refurbished,4.41,72,845.3,70,3803.85,76.077
598,Electronics,Refurbished,4.57,120,379.03,4,454.84,9.0968
599,Antiques,Refurbished,1.36,120,846.59,61,3428.69,68.5738
600,Antiques,Refurbished,2.26,48,650.35,23,1398.25,27.965
601,Fashion,Used,1.11,48,438.78,29,1075.01,21.5002
602,Electronics,New,1.83,48,56.96,70,256.32,5.1264
603,Antiques,New,2.86,120,867.56,14,1474.85,29.497
604,Automotive,Refurbished,2.14,48,344.47,65,1464.0,29.28
605,Antiques,New,3.41,72,717.8,50,2512.3,50.246
606,Antiques,New,3.91,96,835.28,93,4719.33,94.3866
607,Fashion,New,2.71,72,74.94,24,164.87,3.2974
608,Fashion,New,4.14,120,870.34,40,2611.02,52.2204
609,Fashion,New,1.7,120,451.42,26,1038.27,20.7654
610,Fashion,Used,4.75,120,442.75,16,796.95,15.939000000000002
611,Automotive,Used,4.11,24,380.55,30,951.38,19.0276
612,Electronics,Used,3.5,24,641.18,21,1314.42,26.288400000000003
613,Automotive,Refurbished,3.03,120,287.55,13,474.46,9.4892
614,Antiques,Refurbished,2.69,72,96.66,34,260.98,5.219600000000001
615,Antiques,New,3.49,24,616.91,50,2159.18,43.1836
616,Automotive,New,1.28,48,360.08,83,1854.41,37.0882
617,Automotive,Refurbished,4.29,24,557.44,76,2675.71,53.5142
618,Art,New,3.04,24,243.2,7,328.32,6.5664
619,Antiques,New,3.7,48,400.91,66,1723.91,34.4782
620,Automotive,New,1.43,96,811.3,51,2880.11,57.6022
621,Antiques,Refurbished,1.16,48,912.71,25,2053.6,41.071999999999996
622,Fashion,Used,3.9,72,19.73,4,23.68,0.4736
623,Antiques,Refurbished,2.11,24,208.95,91,1159.67,23.1934
624,Fashion,New,1.16,24,834.79,90,4591.34,91.8268
625,Electronics,Refurbished,1.65,120,93.79,83,483.02,9.6604
626,Antiques,New,1.77,72,965.43,10,1448.14,28.9628
627,Art,Used,2.89,72,729.83,64,3065.29,61.3058
628,Electronics,New,4.22,24,379.64,49,1309.76,26.1952
629,Electronics,Used,2.47,96,86.86,18,165.03,3.3006
630,Automotive,Refurbished,1.5,96,953.32,83,4909.6,98.19200000000001
631,Fashion,New,4.4,96,532.58,51,1890.66,37.8132
632,Antiques,New,2.88,120,923.24,77,4477.71,89.55420000000001
633,Antiques,Used,4.52,24,210.38,2,231.42,4.6284
634,Art,Refurbished,3.02,72,314.04,16,565.27,11.3054
635,Fashion,Refurbished,3.48,72,235.79,85,1237.9,24.758000000000003
636,Electronics,Refurbished,1.3,24,985.24,53,3596.13,71.9226
637,Antiques,Refurbished,4.18,96,211.13,79,1045.09,20.901799999999998
638,Art,Refurbished,3.83,24,476.77,87,2550.72,51.014399999999995
639,Electronics,Refurbished,3.56,120,610.9,71,2779.6,55.592
640,Automotive,New,3.5,72,946.61,96,5490.34,109.80680000000001
641,Art,New,1.65,120,702.74,6,913.56,18.2712
642,Fashion,Used,2.51,120,326.66,84,1698.63,33.9726
643,Antiques,Used,1.68,120,878.34,71,3996.45,79.929
644,Art,New,1.37,96,927.57,47,3107.36,62.147200000000005
645,Fashion,Used,1.09,120,826.36,87,4421.03,88.4206
646,Antiques,Used,2.27,72,699.93,32,1819.82,36.3964
647,Fashion,Refurbished,4.92,24,955.87,80,4779.35,95.587
648,Electronics,Refurbished,3.09,48,569.22,100,3415.32,68.30640000000001
649,Art,Used,1.88,120,450.59,19,878.65,17.573
650,Electronics,Refurbished,3.12,120,600.13,89,3270.71,65.41420000000001
651,Art,Refurbished,4.81,48,91.96,77,446.01,8.9202
652,Antiques,Refurbished,4.55,24,327.29,2,360.02,7.2004
653,Automotive,New,1.02,120,856.52,59,3383.25,67.665
654,Fashion,Used,3.71,96,940.67,51,3339.38,66.7876
655,Art,Refurbished,4.41,72,598.32,25,1346.22,26.924400000000002
656,Art,Refurbished,2.66,48,112.8,5,141.0,2.82
657,Automotive,Refurbished,1.24,24,762.24,48,2591.62,51.8324
658,Automotive,Refurbished,4.08,96,105.66,87,565.28,11.3056
659,Fashion,Used,2.17,72,36.15,15,63.26,1.2651999999999999
660,Electronics,New,4.14,120,830.26,57,3196.5,63.93
661,Art,Refurbished,3.89,48,348.41,78,1707.21,34.144200000000005
662,Art,New,2.88,24,463.74,23,997.04,19.9408
663,Fashion,Used,4.85,120,388.66,37,1107.68,22.1536
664,Electronics,Used,3.79,48,208.12,93,1175.88,23.5176
665,Art,New,4.62,96,199.64,91,1108.0,22.16
666,Art,Used,3.63,72,920.61,84,4787.17,95.74340000000001
667,Antiques,New,2.47,24,11.65,70,52.42,1.0484
668,Electronics,New,4.28,120,757.21,75,3596.75,71.935
669,Automotive,Refurbished,1.1,72,68.09,65,289.38,5.7876
670,Art,Refurbished,1.31,24,233.39,59,921.89,18.4378
671,Antiques,Used,2.13,96,327.02,66,1406.19,28.123800000000003
672,Fashion,Refurbished,3.26,120,593.1,55,2224.12,44.4824
673,Automotive,Refurbished,3.24,96,623.81,14,1060.48,21.209600000000002
674,Automotive,Refurbished,3.0,120,437.14,51,1551.85,31.037
675,Art,Refurbished,3.33,120,649.07,93,3667.25,73.345
676,Fashion,Refurbished,2.56,120,911.64,64,3828.89,76.5778
677,Art,Refurbished,4.64,24,306.57,53,1118.98,22.3796
678,Electronics,Refurbished,3.37,120,929.3,2,1022.23,20.4446
679,Art,Used,3.38,96,594.89,31,1516.97,30.3394
680,Automotive,Used,4.22,24,810.26,84,4213.35,84.26700000000001
681,Fashion,Used,1.31,24,19.88,31,50.69,1.0138
682,Art,New,3.08,24,741.44,32,1927.74,38.5548
683,Art,Refurbished,2.39,120,425.71,83,2192.41,43.8482
684,Antiques,New,2.11,72,201.21,72,925.57,18.511400000000002
685,Automotive,New,2.01,72,293.01,88,1582.25,31.645
686,Fashion,Refurbished,1.72,48,920.93,29,2256.28,45.125600000000006
687,Antiques,Used,1.46,72,580.23,37,1653.66,33.0732
688,Antiques,Refurbished,2.44,24,453.26,89,2470.27,49.4054
689,Fashion,Refurbished,3.17,120,782.52,87,4186.48,83.72959999999999
690,Fashion,Refurbished,1.54,72,57.52,94,327.86,6.557200000000001
691,Art,New,1.42,96,81.33,38,235.86,4.7172
692,Antiques,Used,3.28,96,469.86,6,610.82,12.216400000000002
693,Art,New,4.86,96,516.75,52,1860.3,37.206
694,Antiques,Refurbished,3.42,96,437.93,72,2014.48,40.2896
695,Antiques,Used,1.61,72,900.19,53,3285.69,65.7138
696,Antiques,New,1.32,72,704.71,9,1021.83,20.436600000000002
697,Automotive,Refurbished,4.23,48,814.09,5,1017.61,20.3522
698,Automotive,Refurbished,4.51,120,710.56,14,1207.95,24.159000000000002
699,Antiques,Used,4.11,72,529.73,10,794.6,15.892000000000001
700,Fashion,Refurbished,4.22,120,481.78,91,2673.88,53.4776
701,Fashion,Used,1.35,96,384.2,98,2266.78,45.33560000000001
702,Art,New,3.08,72,867.25,68,3815.9,76.318
703,Electronics,Used,3.99,120,770.57,2,847.63,16.9526
704,Fashion,Refurbished,3.33,48,425.95,41,1299.15,25.983000000000004
705,Electronics,Used,4.66,96,302.17,66,1299.33,25.9866
706,Electronics,Refurbished,3.72,24,575.77,60,2303.08,46.0616
707,Fashion,Refurbished,2.17,48,85.0,74,399.5,7.99
708,Electronics,New,1.19,120,897.63,94,5116.49,102.32979999999999
709,Art,Used,2.03,120,775.1,40,2325.3,46.50600000000001
710,Fashion,Used,2.47,96,902.18,90,4961.99,99.2398
711,Electronics,Used,3.31,48,481.44,16,866.59,17.3318
712,Fashion,Used,3.89,24,708.8,56,2693.44,53.8688
713,Antiques,Used,2.09,96,664.89,83,3424.18,68.4836
714,Electronics,Refurbished,2.72,120,186.66,17,345.32,6.9064
715,Art,Refurbished,3.9,72,251.92,55,944.7,18.894000000000002
716,Electronics,Used,4.42,72,916.5,41,2795.32,55.906400000000005
717,Automotive,Used,3.83,24,515.33,27,1211.03,24.2206
718,Electronics,Used,1.1,48,70.68,50,247.38,4.9476
719,Antiques,Used,3.79,72,311.52,75,1479.72,29.5944
720,Antiques,New,2.16,24,625.52,24,1376.14,27.522800000000004
721,Automotive,New,4.28,96,179.01,63,742.89,14.8578
722,Fashion,Used,2.15,48,368.41,19,718.4,14.368
723,Electronics,Used,4.9,120,274.27,88,1481.06,29.621199999999998
724,Electronics,New,3.14,96,967.44,52,3482.78,69.6556
725,Antiques,Refurbished,4.33,120,108.36,57,417.19,8.3438
726,Fashion,Used,4.55,48,279.85,9,405.78,8.115599999999999
727,Fashion,Used,4.52,72,269.62,26,620.13,12.4026
728,Fashion,Used,3.31,24,164.47,77,797.68,15.9536
729,Antiques,New,4.97,120,39.75,79,196.76,3.9352
730,Art,Used,2.81,120,125.23,56,475.87,9.5174
731,Art,Used,3.1,48,246.55,10,369.83,7.396599999999999
732,Automotive,Used,4.17,120,960.24,29,2352.59,47.05180000000001
733,Automotive,New,2.56,120,510.29,91,2832.11,56.6422
734,Electronics,New,1.62,96,650.44,80,3252.2,65.044
735,Automotive,Used,3.62,24,504.82,29,1236.81,24.7362
736,Antiques,New,4.4,96,932.58,17,1725.27,34.5054
737,Art,Used,3.59,72,287.96,98,1698.96,33.9792
738,Fashion,Used,4.8,48,823.65,54,3047.51,60.9502
739,Automotive,New,1.83,48,731.08,35,2010.47,40.2094
740,Art,Used,1.87,96,163.76,12,262.02,5.2404
741,Fashion,Refurbished,1.56,72,15.6,49,53.82,1.0764
742,Art,Used,2.76,48,139.07,43,438.07,8.7614
743,Electronics,Refurbished,1.1,72,836.78,50,2928.73,58.574600000000004
744,Automotive,New,3.43,120,738.85,49,2549.03,50.9806
745,Automotive,New,2.53,120,585.98,45,1904.44,38.0888
746,Antiques,New,2.51,48,815.19,91,4524.3,90.486
747,Art,New,2.04,72,891.62,40,2674.86,53.49720000000001
748,Art,Used,3.53,24,629.34,25,1416.02,28.3204
749,Electronics,Refurbished,3.17,120,279.98,61,1133.92,22.678400000000003
750,Fashion,Used,2.07,120,538.97,8,754.56,15.091199999999999
751,Electronics,New,4.68,96,820.31,92,4593.74,91.8748
752,Automotive,Refurbished,2.73,24,776.62,17,1436.75,28.735
753,Antiques,Used,3.39,48,74.53,33,197.5,3.95
754,Art,Used,3.96,48,297.29,61,1204.02,24.0804
755,Art,Refurbished,1.44,96,839.61,53,3064.58,61.2916
756,Fashion,Used,4.58,48,501.85,42,1555.74,31.114800000000002
757,Electronics,Used,1.05,72,219.71,78,1076.58,21.531599999999997
758,Electronics,Used,1.0,24,70.96,87,379.64,7.5927999999999995
759,Art,New,4.01,48,325.36,90,1789.48,35.7896
760,Art,Used,1.68,48,374.27,16,673.69,13.4738
761,Antiques,Used,4.3,24,105.59,54,390.68,7.8136
762,Electronics,Used,2.85,48,301.41,2,331.55,6.631
763,Art,New,2.09,120,432.14,1,453.75,9.075000000000001
764,Antiques,New,2.65,24,705.67,39,2081.73,41.6346
765,Automotive,Refurbished,3.55,24,398.15,8,557.41,11.1482
766,Art,Used,2.86,24,878.77,59,3471.14,69.4228
767,Electronics,Used,1.73,120,502.65,9,728.84,14.5768
768,Fashion,Used,1.91,72,374.82,30,937.05,18.741
769,Fashion,Refurbished,2.38,120,80.1,75,380.48,7.6096
770,Fashion,Used,1.26,24,329.37,32,856.36,17.127200000000002
771,Fashion,New,1.05,96,682.1,34,1841.67,36.833400000000005
772,Antiques,New,1.17,24,407.54,19,794.7,15.894000000000002
773,Fashion,Refurbished,1.04,48,246.94,78,1210.01,24.2002
774,Fashion,Used,3.65,48,860.56,95,4948.22,98.96440000000001
775,Antiques,Used,3.28,72,188.09,68,827.6,16.552
776,Electronics,New,3.13,48,328.58,82,1675.76,33.5152
777,Electronics,New,1.94,72,100.04,100,600.24,12.004800000000001
778,Antiques,New,2.54,24,399.1,65,1696.18,33.9236
779,Automotive,Refurbished,2.09,48,872.58,34,2355.97,47.1194
780,Electronics,New,4.06,72,964.55,65,4099.34,81.9868
781,Antiques,New,1.87,72,172.42,29,422.43,8.4486
782,Antiques,Refurbished,4.62,120,167.95,62,688.6,13.772
783,Electronics,New,1.79,120,210.73,39,621.65,12.433
784,Electronics,Used,4.7,72,848.61,21,1739.65,34.793
785,Automotive,New,2.44,96,193.62,58,755.12,15.102400000000001
786,Art,Refurbished,2.27,24,257.45,80,1287.25,25.745
787,Electronics,Used,4.73,120,259.79,32,675.45,13.509
788,Antiques,Refurbished,3.1,72,397.99,89,2169.05,43.38100000000001
789,Automotive,Refurbished,4.1,96,972.99,72,4475.75,89.515
790,Electronics,Used,4.33,120,597.54,58,2330.41,46.6082
791,Electronics,Refurbished,2.1,72,849.99,81,4292.45,85.849
792,Automotive,New,4.86,96,450.05,1,472.55,9.451
793,Antiques,Used,2.95,120,391.59,27,920.24,18.4048
794,Automotive,Refurbished,4.55,120,614.13,55,2302.99,46.059799999999996
795,Art,New,1.68,120,751.65,86,3983.75,79.675
796,Art,New,4.5,24,127.51,33,337.9,6.758
797,Electronics,New,3.29,72,219.98,21,450.96,9.0192
798,Fashion,Used,1.68,120,261.03,89,1422.61,28.452199999999998
799,Electronics,Refurbished,3.21,24,624.45,42,1935.8,38.716
800,Art,Used,1.23,72,778.94,66,3349.44,66.9888
801,Fashion,Refurbished,4.9,24,991.7,35,2727.18,54.5436
802,Art,New,2.32,72,32.11,31,81.88,1.6376
803,Art,Used,3.18,24,997.83,76,4789.58,95.7916
804,Antiques,Used,4.63,48,495.35,44,1585.12,31.702399999999997
805,Electronics,New,2.94,96,291.57,10,437.36,8.747200000000001
806,Antiques,Used,1.19,24,619.93,51,2200.75,44.015
807,Antiques,Refurbished,4.93,48,524.64,100,3147.84,62.9568
808,Fashion,Used,1.71,48,197.58,27,464.31,9.286200000000001
809,Electronics,New,4.35,120,29.91,44,95.71,1.9142
810,Automotive,Used,4.86,48,693.58,66,2982.39,59.6478
811,Art,Used,3.12,24,33.28,18,63.23,1.2646
812,Art,Used,1.28,96,242.09,72,1113.61,22.272199999999998
813,Automotive,Refurbished,4.58,96,436.31,63,1810.69,36.2138
814,Fashion,Refurbished,1.19,24,16.2,81,81.81,1.6362
815,Antiques,Refurbished,3.92,120,846.4,27,1989.04,39.7808
816,Antiques,New,1.02,96,274.78,70,1236.51,24.7302
817,Antiques,New,4.88,24,781.33,41,2383.06,47.6612
818,Electronics,New,3.74,72,543.83,50,1903.41,38.068200000000004
819,Automotive,New,1.95,72,84.91,62,348.13,6.9626
820,Electronics,New,4.19,48,419.55,6,545.41,10.908199999999999
821,Electronics,Used,3.28,96,382.44,20,764.88,15.297600000000001
822,Electronics,New,1.78,120,790.71,69,3518.66,70.3732
823,Antiques,Refurbished,4.16,24,323.74,85,1699.64,33.9928
824,Art,Used,2.54,24,891.54,92,4992.62,99.8524
825,Fashion,Refurbished,4.45,120,773.4,46,2552.22,51.044399999999996
826,Art,Used,3.08,24,72.39,12,115.82,2.3164
827,Art,Refurbished,3.58,48,711.32,96,4125.66,82.5132
828,Art,Used,2.79,48,693.12,18,1316.93,26.338600000000003
829,Automotive,New,2.39,96,822.29,70,3700.3,74.006
830,Electronics,New,1.35,96,335.88,28,806.11,16.1222
831,Automotive,Used,3.32,24,843.45,56,3205.11,64.10220000000001
832,Automotive,Refurbished,1.73,24,134.46,50,470.61,9.4122
833,Electronics,Used,3.16,24,599.25,58,2337.07,46.741400000000006
834,Electronics,Refurbished,1.62,72,246.44,79,1219.88,24.397600000000004
835,Electronics,Used,1.25,120,253.9,16,457.02,9.1404
836,Fashion,Used,4.49,48,245.05,97,1433.54,28.6708
837,Art,New,2.33,24,712.16,78,3489.58,69.7916
838,Automotive,New,4.64,72,855.83,30,2139.58,42.7916
839,Fashion,Used,2.02,72,723.96,81,3656.0,73.12
840,Antiques,New,4.02,48,819.64,52,2950.7,59.013999999999996
841,Antiques,Refurbished,4.11,96,819.69,51,2909.9,58.198
842,Fashion,Refurbished,4.61,72,76.2,76,365.76,7.3152
843,Electronics,Used,2.34,72,289.0,40,867.0,17.34
844,Automotive,Refurbished,3.45,96,71.96,46,237.47,4.7494000000000005
845,Fashion,Refurbished,4.26,72,169.99,30,424.98,8.499600000000001
846,Antiques,Used,3.12,96,434.62,12,695.39,13.9078
847,Art,Used,4.27,48,599.03,93,3384.52,67.6904
848,Antiques,New,3.46,120,336.72,65,1431.06,28.621199999999998
849,Electronics,Used,1.91,96,678.93,68,2987.29,59.7458
850,Art,Refurbished,3.04,72,80.07,10,120.1,2.402
851,Electronics,New,4.09,72,454.7,31,1159.48,23.189600000000002
852,Fashion,Used,2.12,72,234.7,52,844.92,16.8984
853,Fashion,Refurbished,2.78,72,650.55,32,1691.43,33.8286
854,Art,Used,4.76,72,172.17,70,774.76,15.4952
855,Electronics,New,1.87,72,74.44,8,104.22,2.0844
856,Automotive,Refurbished,3.2,24,133.9,71,609.25,12.185
857,Fashion,New,4.45,120,292.34,43,920.87,18.4174
858,Fashion,Refurbished,1.14,24,904.63,66,3889.91,77.7982
859,Electronics,Refurbished,2.91,24,70.29,46,231.96,4.639200000000001
860,Art,Used,1.7,120,347.03,65,1474.88,29.497600000000002
861,Antiques,Refurbished,3.51,96,591.98,2,651.18,13.0236
862,Electronics,New,3.01,48,143.63,36,402.16,8.0432
863,Electronics,Used,4.34,24,789.53,79,3908.17,78.16340000000001
864,Antiques,Refurbished,1.05,120,810.99,51,2879.01,57.580200000000005
865,Fashion,Used,4.64,24,109.33,6,142.13,2.8426
866,Electronics,Used,1.95,24,965.9,65,4105.07,82.1014
867,Art,New,4.91,120,491.41,59,1941.07,38.8214
868,Fashion,Used,2.86,72,959.16,32,2493.82,49.876400000000004
869,Antiques,New,4.71,72,232.62,3,267.51,5.3502
870,Antiques,Used,3.84,96,122.56,4,147.07,2.9414
871,Automotive,New,3.52,96,909.93,85,4777.13,95.54260000000001
872,Antiques,New,2.82,120,631.76,73,2937.68,58.7536
873,Antiques,Used,2.97,72,771.99,93,4361.74,87.23479999999999
874,Automotive,Used,2.59,96,898.25,25,2021.06,40.4212
875,Art,Used,3.31,48,799.52,47,2678.39,53.5678
876,Electronics,New,4.11,120,597.72,35,1643.73,32.8746
877,Electronics,New,2.5,120,41.23,70,185.53,3.7106
878,Automotive,New,3.45,120,535.71,43,1687.49,33.7498
879,Automotive,Used,2.03,120,166.66,31,424.98,8.499600000000001
880,Fashion,New,1.6,24,71.04,78,348.1,6.962000000000001
881,Fashion,Used,4.87,48,163.43,60,653.72,13.0744
882,Automotive,Refurbished,2.6,120,565.12,65,2401.76,48.0352
883,Electronics,Used,4.46,24,162.43,81,820.27,16.4054
884,Art,Refurbished,2.02,72,319.23,3,367.11,7.3422
885,Art,Used,3.92,96,664.79,95,3822.54,76.4508
886,Automotive,New,4.64,24,406.57,49,1402.67,28.053400000000003
887,Fashion,New,2.61,96,948.57,6,1233.14,24.662800000000004
888,Electronics,New,3.95,120,793.92,97,4644.43,92.88860000000001
889,Electronics,Refurbished,4.63,120,192.81,4,231.37,4.627400000000001
890,Antiques,Refurbished,2.91,120,578.57,94,3297.85,65.957
891,Fashion,New,2.55,24,25.69,49,88.63,1.7726
892,Fashion,Refurbished,3.56,72,709.84,93,4010.6,80.212
893,Fashion,Refurbished,2.15,96,899.15,5,1123.94,22.478800000000003
894,Electronics,Refurbished,1.8,72,899.55,57,3463.27,69.2654
895,Automotive,New,4.57,48,159.92,61,647.68,12.9536
896,Art,Refurbished,3.99,24,287.14,65,1220.34,24.4068
897,Automotive,New,3.22,48,162.05,55,607.69,12.153800000000002
898,Art,New,2.31,96,240.24,71,1093.09,21.8618
899,Fashion,New,4.7,48,566.3,28,1359.12,27.182399999999998
900,Fashion,Used,4.07,24,415.1,67,1805.69,36.113800000000005
901,Automotive,New,2.04,24,546.34,21,1120.0,22.400000000000002
902,Art,Refurbished,1.31,48,325.39,8,455.55,9.111
903,Automotive,Used,3.34,24,896.97,0,896.97,17.939400000000003
904,Fashion,Used,1.99,48,206.95,3,237.99,4.7598
905,Antiques,Refurbished,4.33,120,759.21,60,3036.84,60.7368
906,Art,New,3.28,48,12.82,74,60.25,1.205
907,Electronics,Used,3.31,72,170.71,59,674.3,13.485999999999999
908,Fashion,Used,1.04,48,983.16,34,2654.53,53.0906
909,Fashion,New,3.84,24,266.48,40,799.44,15.988800000000001
910,Electronics,New,2.11,24,848.76,71,3861.86,77.2372
911,Art,New,4.08,96,920.98,52,3315.53,66.31060000000001
912,Fashion,New,3.56,120,463.91,76,2226.77,44.5354
913,Automotive,Used,1.13,120,403.19,36,1128.93,22.5786
914,Antiques,Refurbished,2.91,24,670.28,56,2547.06,50.9412
915,Electronics,New,2.79,120,878.99,80,4394.95,87.899
916,Antiques,New,1.37,72,816.6,77,3960.51,79.2102
917,Art,Used,4.35,48,794.43,65,3376.33,67.5266
918,Antiques,Refurbished,2.82,96,551.94,31,1407.45,28.149
919,Automotive,Refurbished,1.02,48,187.4,50,655.9,13.118
920,Art,Refurbished,2.56,120,751.47,10,1127.2,22.544
921,Fashion,Refurbished,4.43,48,70.95,21,145.45,2.909
922,Antiques,New,4.23,96,511.48,51,1815.75,36.315
923,Antiques,Refurbished,2.17,96,852.54,96,4944.73,98.8946
924,Art,Used,4.6,24,998.03,46,3293.5,65.87
925,Automotive,New,3.71,96,798.24,84,4150.85,83.01700000000001
926,Antiques,Refurbished,4.74,72,78.02,3,89.72,1.7944
927,Antiques,Used,3.06,24,501.7,90,2759.35,55.187
928,Automotive,Used,2.42,72,952.01,53,3474.84,69.49680000000001
929,Antiques,New,1.75,96,343.7,41,1048.28,20.9656
930,Art,New,4.78,120,524.06,54,1939.02,38.7804
931,Antiques,New,1.89,96,355.61,44,1137.95,22.759
932,Antiques,Used,3.9,72,907.35,61,3674.77,73.4954
933,Fashion,New,4.81,120,210.76,21,432.06,8.6412
934,Electronics,New,4.73,72,70.74,37,201.61,4.0322000000000005
935,Automotive,Refurbished,3.85,72,946.2,15,1655.85,33.117
936,Art,New,2.54,120,231.26,24,508.77,10.1754
937,Fashion,Used,4.78,48,542.61,100,3255.66,65.11319999999999
938,Fashion,New,4.32,120,633.05,79,3133.6,62.672
939,Electronics,Refurbished,2.08,96,601.45,51,2135.15,42.703
940,Automotive,Used,3.76,48,161.43,97,944.37,18.8874
941,Art,Used,2.27,48,354.08,2,389.49,7.7898000000000005
942,Electronics,Refurbished,1.77,120,950.29,41,2898.38,57.967600000000004
943,Automotive,Refurbished,3.7,72,258.01,35,709.53,14.1906
944,Art,New,2.21,48,572.95,83,2950.69,59.0138
945,Art,New,2.98,120,96.62,9,140.1,2.802
946,Antiques,New,3.64,96,872.54,39,2573.99,51.4798
947,Fashion,New,4.65,96,944.51,67,4108.62,82.1724
948,Electronics,Refurbished,2.73,72,276.69,97,1618.64,32.372800000000005
949,Art,New,1.35,48,819.87,12,1311.79,26.2358
950,Automotive,New,1.8,72,116.48,86,617.34,12.346800000000002
951,Art,Used,2.13,48,213.93,9,310.2,6.204
952,Electronics,Used,2.15,120,645.08,2,709.59,14.1918
953,Electronics,Refurbished,3.43,72,493.23,33,1307.06,26.141199999999998
954,Fashion,Refurbished,4.94,120,417.9,62,1713.39,34.2678
955,Fashion,New,4.36,96,588.89,50,2061.12,41.2224
956,Art,Refurbished,2.16,120,11.32,27,26.6,0.532
957,Automotive,Refurbished,2.5,120,450.0,61,1822.5,36.45
958,Antiques,Refurbished,1.46,48,40.19,87,215.02,4.300400000000001
959,Art,New,4.12,24,37.62,4,45.14,0.9028
960,Fashion,New,2.49,48,971.54,33,2574.58,51.4916
961,Automotive,Used,4.15,48,159.79,16,287.62,5.752400000000001
962,Fashion,Used,4.79,96,202.7,14,344.59,6.8918
963,Electronics,Used,3.7,96,569.86,83,2934.78,58.695600000000006
964,Electronics,Used,4.67,48,508.1,27,1194.04,23.8808
965,Fashion,New,1.42,48,682.94,52,2458.58,49.1716
966,Fashion,Refurbished,1.17,96,370.13,91,2054.22,41.084399999999995
967,Fashion,New,3.21,120,359.3,86,1904.29,38.0858
968,Automotive,Used,2.43,72,497.8,45,1617.85,32.357
969,Automotive,New,4.87,24,489.55,2,538.5,10.77
970,Electronics,New,4.84,96,374.17,54,1384.43,27.6886
971,Art,Used,2.42,120,978.78,10,1468.17,29.363400000000002
972,Electronics,Used,2.63,48,583.88,49,2014.39,40.287800000000004
973,Electronics,Refurbished,1.92,24,194.69,79,963.72,19.2744
974,Electronics,Used,2.71,120,244.89,35,673.45,13.469000000000001
975,Fashion,Used,2.13,24,563.08,2,619.39,12.3878
976,Fashion,Used,2.94,24,859.81,93,4857.93,97.1586
977,Art,New,4.98,72,799.0,82,4074.9,81.498
978,Automotive,Refurbished,2.94,48,852.45,19,1662.28,33.2456
979,Antiques,Used,1.63,72,553.19,47,1853.19,37.0638
980,Electronics,Refurbished,4.62,96,319.17,65,1356.47,27.1294
981,Automotive,New,3.43,24,357.81,10,536.72,10.7344
982,Fashion,Used,4.66,96,516.45,45,1678.46,33.5692
983,Fashion,Used,3.49,72,854.69,28,2051.26,41.025200000000005
984,Fashion,New,4.22,120,660.35,93,3730.98,74.6196
985,Fashion,Refurbished,4.76,48,766.4,24,1686.08,33.7216
986,Automotive,New,3.56,96,728.82,94,4154.27,83.0854
987,Automotive,Refurbished,4.55,72,981.27,73,4562.91,91.2582
988,Fashion,Used,3.16,72,996.13,86,5279.49,105.5898
989,Automotive,Used,1.68,24,479.87,37,1367.63,27.352600000000002
990,Art,Refurbished,1.7,96,409.01,46,1349.73,26.994600000000002
991,Electronics,Refurbished,4.8,96,38.66,72,177.84,3.5568
992,Automotive,New,4.95,48,450.12,67,1958.02,39.1604
993,Antiques,New,1.33,48,365.44,15,639.52,12.7904
994,Antiques,Refurbished,2.12,48,623.58,16,1122.44,22.448800000000002
995,Antiques,New,4.91,120,554.98,79,2747.15,54.943000000000005
996,Fashion,Refurbished,3.92,72,633.47,58,2470.53,49.4106
997,Electronics,New,2.07,48,395.55,66,1700.87,34.017399999999995
998,Art,Used,2.73,72,175.27,43,552.1,11.042
999,Antiques,New,4.81,24,757.48,69,3370.79,67.4158
